#{"t_start": 1762632990.989535, "env_id": "None"}
r,l,t
-200.0,2,18.940043
-200.0,1,18.971718
-200.0,1,19.000763
-200.0,1,19.030104
304.45,180,21.376496
-200.0,1,21.409939
-200.0,1,21.443458
-200.0,1,21.473235
227.5,81,22.546769
-200.0,1,22.577824
-200.0,1,22.609347
-200.0,1,22.639643
297.7,101,23.955865
-200.0,1,23.988211
-200.0,1,24.020435
-200.0,1,24.048116
674.75,178,26.360575
-200.0,1,26.392906
-200.0,1,26.426483
-200.0,1,26.456699
-201.55,2,26.496652
-200.0,1,26.524584
482.4,133,28.274929
-200.0,1,28.306661
-200.0,1,28.337208
-200.0,1,28.365497
1412.75,306,32.379743
-200.0,1,32.412393
-200.0,1,32.44203
-200.0,1,32.471477
338.75,154,34.480212
-200.0,1,34.50805
-200.0,1,34.535246
-200.0,1,34.562156
-200.0,1,34.589917
-200.0,1,34.61849
-200.0,1,34.646621
-200.0,1,34.675856
1093.6,357,39.348741
-200.0,1,39.379547
-200.0,1,39.41007
-200.0,1,39.44231
2933.7,523,46.720059
-200.0,1,46.748091
-200.0,1,46.776731
-200.0,1,46.807169
14.7,67,47.68289
-200.0,1,47.713712
-200.0,1,47.74359
-200.0,1,47.773479
-76.75,62,48.590278
-200.0,1,48.621334
-200.0,1,48.650681
-200.0,1,48.679769
1848.55,282,52.35336
-200.0,1,52.381373
-200.0,1,52.409865
-200.0,1,52.437723
-200.0,1,52.465918
-200.0,1,52.494164
-200.0,1,52.522431
-200.0,1,52.550221
-200.0,1,52.579094
-200.0,1,52.608949
-200.0,1,52.638611
459.7,157,54.693283
-200.0,1,54.724963
-200.0,1,54.756549
-200.0,1,54.784693
145.5,55,55.498981
-200.0,1,55.531801
-200.0,1,55.561137
-200.0,1,55.5919
-203.65,4,55.65513
-201.55,2,55.696583
-200.0,1,55.725561
-200.0,1,55.757106
-200.0,1,55.786848
4.7,105,57.158455
-200.0,1,57.189483
-200.0,1,57.219668
-200.0,1,57.248753
519.05,132,58.980594
-200.0,1,59.021185
-200.0,1,59.049352
-200.0,1,59.076567
-203.65,4,59.137922
-159.4,9,59.263717
-200.0,1,59.294632
-200.0,1,59.322796
-200.0,1,59.35186
-200.0,1,59.38064
-200.0,1,59.410061
-200.0,1,59.438755
423.1,161,61.531947
-200.0,1,61.562676
-200.0,1,61.591774
-200.0,1,61.622607
584.15,88,62.774898
-200.0,1,62.804982
-200.0,1,62.834381
-200.0,1,62.863051
918.4,193,65.379379
-200.0,1,65.411113
-200.0,1,65.443332
-200.0,1,65.473489
-43.05,100,66.782911
-200.0,1,66.813259
-200.0,1,66.844181
-200.0,1,66.874241
2848.5,539,73.923611
-200.0,1,73.954487
-200.0,1,73.984741
-200.0,1,74.012325
-200.0,1,74.041759
-200.0,1,74.068689
-200.0,1,74.09654
-200.0,1,74.126147
-200.0,1,74.156086
-200.0,1,74.185372
1361.35,264,78.038393
-200.0,1,78.070954
-200.0,1,78.100457
-200.0,1,78.129228
607.85,132,79.846666
-200.0,1,79.874721
-200.0,1,79.902981
-200.0,1,79.931282
-200.0,1,79.959924
-200.0,1,79.98862
-200.0,1,80.016778
-200.0,1,80.045396
-201.55,2,80.089056
-200.0,1,80.117408
928.7,201,82.751028
-200.0,1,82.781902
-200.0,1,82.811297
-200.0,1,82.844495
290.05,112,84.30884
-200.0,1,84.351582
-200.0,1,84.379817
-200.0,1,84.406912
625.7,173,86.639617
-200.0,1,86.670546
-200.0,1,86.699991
-200.0,1,86.729338
889.25,224,89.657836
-200.0,1,89.688861
-200.0,1,89.718744
-200.0,1,89.747639
1603.3,243,92.907981
-200.0,1,92.939331
-200.0,1,92.969306
-200.0,1,93.000782
78.8,43,93.561764
-200.0,1,93.592416
-200.0,1,93.625148
-200.0,1,93.656239
-208.85,8,93.769662
-200.0,1,93.799665
-200.0,1,93.829207
-200.0,1,93.85857
-200.0,1,93.887909
-163.75,32,94.304518
-200.0,1,94.334922
-200.0,1,94.364584
-200.0,1,94.395805
2188.4,315,98.505223
-200.0,1,98.535328
-200.0,1,98.564302
-200.0,1,98.593204
-49.0,25,98.93068
-200.0,1,98.961876
-200.0,1,98.992291
-200.0,1,99.021837
560.9,137,100.796204
-200.0,1,100.829663
-200.0,1,100.858845
-200.0,1,100.885505
1887.3,253,104.637589
-200.0,1,104.668722
-200.0,1,104.696976
-200.0,1,104.726626
-61.3,63,105.541175
-200.0,1,105.572566
-200.0,1,105.601172
-200.0,1,105.630157
-197.3,9,105.754297
-200.0,1,105.785157
-200.0,1,105.813474
-200.0,1,105.843244
-203.1,3,105.895669
-200.0,1,105.925358
-200.0,1,105.955138
-200.0,1,105.983514
1181.1,307,109.978354
-200.0,1,110.010577
-200.0,1,110.043195
-200.0,1,110.073978
578.8,173,112.342079
-200.0,1,112.374017
-200.0,1,112.406249
-200.0,1,112.436577
1879.25,360,117.122706
-200.0,1,117.154141
-200.0,1,117.184107
-200.0,1,117.214121
772.5,185,119.632471
-200.0,1,119.663678
-200.0,1,119.693336
-200.0,1,119.721756
-183.65,4,119.787004
-185.2,5,119.862229
-200.0,1,119.890176
-200.0,1,119.919641
-200.0,1,119.947571
-200.0,1,119.976587
349.05,76,120.969936
-200.0,1,121.000366
-200.0,1,121.030245
-200.0,1,121.061796
48.7,123,122.667093
-200.0,1,122.697811
-200.0,1,122.727752
-200.0,1,122.758042
980.4,199,125.34265
-200.0,1,125.375104
-200.0,1,125.404684
-200.0,1,125.43366
3081.25,486,132.212893
-200.0,1,132.244575
-200.0,1,132.27512
-200.0,1,132.306553
-200.0,1,132.335697
388.3,77,133.346079
-200.0,1,133.379161
-200.0,1,133.409811
-200.0,1,133.439155
-200.0,1,133.469969
-201.55,2,133.510675
-200.0,1,133.538316
-202.1,3,133.59168
-200.0,1,133.621575
-200.0,1,133.648806
-200.0,1,133.679182
230.3,181,136.030895
-200.0,1,136.062528
-200.0,1,136.094175
-200.0,1,136.126766
-200.0,1,136.156813
-200.0,1,136.185706
1094.85,240,139.323541
-200.0,1,139.357734
-200.0,1,139.38983
-200.0,1,139.42087
660.9,205,142.076316
-200.0,1,142.107556
-200.0,1,142.140926
-200.0,1,142.170596
-159.5,15,142.373657
-200.0,1,142.404426
-200.0,1,142.434261
-200.0,1,142.462834
2756.45,494,148.891487
-200.0,1,148.923281
-200.0,1,148.952215
-200.0,1,148.981338
-92.4,27,149.344354
-200.0,1,149.377677
-200.0,1,149.409435
-200.0,1,149.4393
-187.75,8,149.553531
-200.0,1,149.583042
-200.0,1,149.612708
-200.0,1,149.642466
2038.15,412,155.025067
-200.0,1,155.054961
-200.0,1,155.083613
-200.0,1,155.111795
243.5,97,156.389148
-200.0,1,156.420624
-200.0,1,156.44976
-200.0,1,156.479353
129.0,79,157.513199
-200.0,1,157.544005
-200.0,1,157.575166
-200.0,1,157.609621
1279.0,213,160.812026
-200.0,1,160.844254
-200.0,1,160.875267
-200.0,1,160.905629
693.5,159,162.99971
-200.0,1,163.032706
-200.0,1,163.062101
-200.0,1,163.092979
628.3,155,165.107783
-200.0,1,165.140085
-200.0,1,165.174263
-200.0,1,165.206779
1954.25,360,169.902681
-200.0,1,169.931202
-200.0,1,169.959591
-200.0,1,169.988386
-200.0,1,170.016187
156.35,82,171.090056
-200.0,1,171.120624
-200.0,1,171.150888
-200.0,1,171.180212
521.2,133,172.926243
-200.0,1,172.959835
-200.0,1,172.992068
-200.0,1,173.023609
-200.0,1,173.051967
45.75,124,174.673487
-200.0,1,174.704384
-200.0,1,174.734675
-200.0,1,174.763991
-165.3,9,174.888987
-200.0,1,174.91622
-200.0,1,174.945564
-200.0,1,174.973463
-200.0,1,175.001201
-200.0,1,175.029066
-200.0,1,175.058102
-200.0,1,175.08666
-200.0,1,175.114702
1138.55,212,177.865947
-200.0,1,177.896873
-200.0,1,177.926348
-200.0,1,177.958083
483.05,148,179.892797
-200.0,1,179.921932
-200.0,1,179.950039
-200.0,1,179.978529
923.25,194,182.514655
-200.0,1,182.547462
-200.0,1,182.578451
-200.0,1,182.608095
214.6,133,184.348036
-200.0,1,184.378702
-200.0,1,184.410101
-200.0,1,184.439411
526.85,114,185.928717
-200.0,1,185.95992
-200.0,1,185.991586
-200.0,1,186.021591
1369.25,266,189.936701
-200.0,1,189.966196
-200.0,1,189.995717
-200.0,1,190.024525
-201.1,7,190.126511
-200.0,1,190.157459
-200.0,1,190.189022
-200.0,1,190.217647
926.75,178,192.558614
-200.0,1,192.590212
-200.0,1,192.618892
-200.0,1,192.646731
634.75,202,195.274499
-200.0,1,195.306677
-200.0,1,195.34013
-200.0,1,195.371995
1181.0,219,198.241247
-200.0,1,198.274037
-200.0,1,198.304755
-200.0,1,198.334516
-29.15,30,198.73905
-200.0,1,198.770706
-200.0,1,198.801279
-200.0,1,198.830917
405.2,145,200.719686
-200.0,1,200.754736
-200.0,1,200.786376
-200.0,1,200.814161
-200.0,1,200.842406
-200.0,1,200.869251
-200.0,1,200.89653
-200.0,1,200.924483
-200.0,1,200.953725
-200.0,1,200.98146
-200.0,1,201.010363
660.05,166,203.189914
-200.0,1,203.219009
-200.0,1,203.247903
-200.0,1,203.276105
507.95,160,205.357798
-200.0,1,205.389553
-200.0,1,205.419689
-200.0,1,205.449296
2042.7,331,209.769942
-200.0,1,209.800444
-200.0,1,209.831499
-200.0,1,209.860643
3481.95,882,221.79214
-200.0,1,221.824737
-200.0,1,221.856483
-200.0,1,221.88657
221.9,83,222.990445
-200.0,1,223.023835
-200.0,1,223.05541
-200.0,1,223.086506
95.3,129,224.776648
-200.0,1,224.808753
-200.0,1,224.842718
-200.0,1,224.873336
-200.0,1,224.901967
2724.3,431,230.454356
-200.0,1,230.486013
-200.0,1,230.51624
-200.0,1,230.545854
58.95,72,231.497683
-200.0,1,231.530814
-200.0,1,231.560386
-200.0,1,231.589593
209.45,110,233.031048
-200.0,1,233.061997
-200.0,1,233.093479
-200.0,1,233.123742
50.4,33,233.565092
-200.0,1,233.595811
-200.0,1,233.625711
-200.0,1,233.654776
937.25,196,236.190216
-200.0,1,236.219917
-200.0,1,236.250927
-200.0,1,236.279327
1744.5,341,240.713557
-200.0,1,240.744305
-200.0,1,240.774828
-200.0,1,240.804784
145.05,62,241.620611
-200.0,1,241.651183
109.85,46,242.69747
-200.0,1,242.728739
-200.0,1,242.75979
-200.0,1,242.79137
-92.8,65,243.65784
-200.0,1,243.689747
-200.0,1,243.721414
-200.0,1,243.751849
1672.25,310,247.756935
-200.0,1,247.788072
-200.0,1,247.817972
-200.0,1,247.846095
169.7,67,248.72384
-200.0,1,248.757994
-200.0,1,248.79045
-200.0,1,248.822066
84.65,106,250.19349
-200.0,1,250.225711
-200.0,1,250.25691
-200.0,1,250.288057
614.2,101,251.624212
-200.0,1,251.657453
-200.0,1,251.689044
-200.0,1,251.720179
-140.75,24,252.026608
-200.0,1,252.05759
-200.0,1,252.089043
-200.0,1,252.119731
-201.55,2,252.1606
-200.0,1,252.19014
-200.0,1,252.221149
391.35,108,253.628083
-200.0,1,253.659701
-200.0,1,253.689792
-200.0,1,253.721514
577.3,171,255.940109
-200.0,1,255.972144
-200.0,1,256.004105
-200.0,1,256.036011
696.7,127,257.697513
-200.0,1,257.729585
-200.0,1,257.759823
-200.0,1,257.788841
1320.3,213,260.545966
-200.0,1,260.577266
-200.0,1,260.608611
-200.0,1,260.638445
822.55,170,262.873305
-200.0,1,262.90629
-200.0,1,262.938627
-200.0,1,262.973259
1531.15,324,267.210494
-200.0,1,267.24407
-200.0,1,267.274867
-200.0,1,267.305482
686.2,201,270.355061
-200.0,1,270.386182
-200.0,1,270.415783
-200.0,1,270.44492
969.5,159,272.544533
-200.0,1,272.575181
-200.0,1,272.6081
-200.0,1,272.637453
-13.95,48,273.265416
-200.0,1,273.295296
-200.0,1,273.326172
-200.0,1,273.356781
456.95,110,274.792172
-200.0,1,274.823484
-200.0,1,274.854173
-200.0,1,274.884033
3246.05,842,285.814756
-200.0,1,285.846118
-200.0,1,285.874575
-200.0,1,285.904417
518.1,167,288.088027
-200.0,1,288.119375
-200.0,1,288.148683
-200.0,1,288.179833
3621.25,598,295.931101
-200.0,1,295.961797
-200.0,1,295.992823
-200.0,1,296.021634
-200.0,1,296.05158
79.5,75,297.497831
-200.0,1,297.525885
-200.0,1,297.555753
-200.0,1,297.585984
1701.2,249,300.821749
-200.0,1,300.852013
-200.0,1,300.881829
-200.0,1,300.91064
-200.0,1,300.939584
32.05,66,301.810387
-200.0,1,301.841825
-200.0,1,301.872724
-200.0,1,301.902179
-163.4,9,302.02527
-200.0,1,302.056832
-200.0,1,302.088858
-200.0,1,302.118963
435.6,143,303.991453
-200.0,1,304.03139
-200.0,1,304.061551
-200.0,1,304.089314
768.1,131,305.786923
-200.0,1,305.817619
-200.0,1,305.846811
-200.0,1,305.875254
587.15,194,308.407462
-200.0,1,308.439047
-200.0,1,308.471861
-200.0,1,308.501602
92.95,66,309.375775
-200.0,1,309.410475
-200.0,1,309.442051
-200.0,1,309.473925
-181.5,15,309.681138
-200.0,1,309.711274
-200.0,1,309.742523
-200.0,1,309.771289
-201.55,2,309.812795
-200.0,1,309.843675
-200.0,1,309.87452
-184.6,5,309.957502
-200.0,1,309.98732
-200.0,1,310.016323
-200.0,1,310.050214
311.7,63,310.869746
-200.0,1,310.903502
-200.0,1,310.933289
-200.0,1,310.962009
163.2,123,312.570181
-200.0,1,312.600253
-200.0,1,312.630089
-200.0,1,312.659523
-204.2,5,312.7372
-200.0,1,312.765635
-200.0,1,312.794324
-200.0,1,312.823586
-25.25,76,313.820503
-200.0,1,313.851964
-200.0,1,313.881398
-200.0,1,313.910155
107.95,56,314.660084
-200.0,1,314.691231
-200.0,1,314.723221
-200.0,1,314.755036
1032.85,240,317.890735
-200.0,1,317.934911
-200.0,1,317.96467
-200.0,1,317.991994
-3.8,71,318.918843
-200.0,1,318.951436
-200.0,1,318.982446
-200.0,1,319.014401
934.65,132,320.833337
-200.0,1,320.864848
-200.0,1,320.896692
-200.0,1,320.928701
-200.0,1,320.96032
898.05,258,324.535324
-200.0,1,324.567464
-200.0,1,324.599242
-200.0,1,324.630912
1704.1,243,328.42686
-200.0,1,328.47455
-200.0,1,328.504608
-200.0,1,328.534808
-200.0,1,328.564415
-201.55,2,328.607621
1367.6,179,331.07224
-200.0,1,331.104937
-200.0,1,331.137896
-200.0,1,331.169774
1076.65,206,334.008417
-200.0,1,334.043179
-200.0,1,334.074888
-200.0,1,334.104794
1005.75,166,336.379612
-200.0,1,336.413857
-200.0,1,336.445658
-200.0,1,336.477252
696.5,175,338.888936
-200.0,1,338.921225
-200.0,1,338.95508
-200.0,1,338.988961
-38.6,69,339.945389
-200.0,1,339.973949
-200.0,1,340.003586
-200.0,1,340.031681
598.45,112,341.58977
-200.0,1,341.625383
-200.0,1,341.660942
-200.0,1,341.691956
153.55,96,343.035706
-200.0,1,343.069357
-200.0,1,343.101586
-200.0,1,343.133517
2565.05,364,348.15841
-200.0,1,348.199853
-200.0,1,348.228495
-200.0,1,348.258079
347.55,106,349.736972
-200.0,1,349.77005
-200.0,1,349.801725
-200.0,1,349.832705
516.45,106,351.290958
-200.0,1,351.324422
-200.0,1,351.358462
-200.0,1,351.392255
1684.85,314,356.180574
-200.0,1,356.212171
-200.0,1,356.243808
-200.0,1,356.274722
518.3,133,358.119612
-200.0,1,358.161869
-200.0,1,358.1913
-200.0,1,358.221517
319.85,80,359.348366
-200.0,1,359.380906
-200.0,1,359.4117
-200.0,1,359.442957
3504.4,605,367.798834
-200.0,1,367.836638
-200.0,1,367.872215
-200.0,1,367.903173
-200.0,1,367.932911
665.5,155,370.057374
-200.0,1,370.088499
-200.0,1,370.119942
-200.0,1,370.152175
247.9,165,372.457845
-200.0,1,372.491452
-200.0,1,372.524537
-200.0,1,372.561477
-200.0,1,372.593364
-200.0,1,372.625593
-138.85,10,372.778705
-200.0,1,372.810735
-200.0,1,372.84214
-200.0,1,372.871748
-200.0,1,372.902465
314.7,81,374.013627
-200.0,1,374.046619
-200.0,1,374.07659
-200.0,1,374.109685
39.15,48,374.794291
-200.0,1,374.827878
-200.0,1,374.860701
-200.0,1,374.893255
1508.85,270,378.623621
-200.0,1,378.654185
-200.0,1,378.684867
-200.0,1,378.71591
167.9,91,379.978724
-200.0,1,380.009101
-200.0,1,380.038257
-200.0,1,380.068895
611.65,190,382.697478
-200.0,1,382.731846
-200.0,1,382.764
-200.0,1,382.795381
703.6,111,384.321848
-200.0,1,384.355615
-200.0,1,384.392508
-200.0,1,384.424925
124.9,55,385.625044
-200.0,1,385.657566
-200.0,1,385.694254
-200.0,1,385.724367
-184.2,7,385.836248
-200.0,1,385.866656
-200.0,1,385.897958
-200.0,1,385.928608
-119.4,41,386.506334
-200.0,1,386.539201
-200.0,1,386.571291
-200.0,1,386.603335
697.1,149,388.676136
-200.0,1,388.711308
-200.0,1,388.743953
-200.0,1,388.774832
209.05,68,389.728101
-200.0,1,389.760937
-200.0,1,389.79432
-200.0,1,389.825823
-5.9,59,390.63429
-200.0,1,390.666593
-200.0,1,390.699702
-200.0,1,390.729717
-200.0,1,390.758493
2431.45,388,396.113067
-200.0,1,396.146351
-200.0,1,396.179289
-200.0,1,396.208412
-192.2,9,396.345682
-200.0,1,396.378475
-200.0,1,396.410516
-200.0,1,396.443195
491.4,153,398.5768
-200.0,1,398.615849
-200.0,1,398.647376
-200.0,1,398.677216
-205.15,6,398.765889
1272.0,319,403.174944
-200.0,1,403.208694
-200.0,1,403.241452
-200.0,1,403.274013
472.8,105,404.740925
-200.0,1,404.774965
-200.0,1,404.808081
-200.0,1,404.840409
10.7,81,405.960965
-200.0,1,405.994063
-200.0,1,406.027471
-200.0,1,406.063552
-200.0,1,406.094734
-92.05,74,407.115023
-200.0,1,407.147105
-200.0,1,407.17938
-200.0,1,407.210933
1667.2,293,411.264513
-200.0,1,411.298706
-200.0,1,411.332722
-200.0,1,411.363239
196.75,120,413.032288
-200.0,1,413.066998
-200.0,1,413.098577
-200.0,1,413.129933
27.25,30,413.554242
-200.0,1,413.587305
-200.0,1,413.620043
-200.0,1,413.651104
2875.05,864,425.944206
-200.0,1,425.977681
-200.0,1,426.013929
-200.0,1,426.045079
-143.55,36,426.539646
-200.0,1,426.574411
-200.0,1,426.604675
-200.0,1,426.636535
865.35,208,429.510579
-200.0,1,429.542855
-200.0,1,429.576427
-200.0,1,429.60796
-200.0,1,429.642372
58.9,67,430.562109
-200.0,1,430.595155
-200.0,1,430.628489
-200.0,1,430.659271
151.1,73,431.681852
-200.0,1,431.71389
-200.0,1,431.745725
-200.0,1,431.777903
-200.0,1,431.807916
-41.8,35,432.304282
-200.0,1,432.336992
-200.0,1,432.370892
-200.0,1,432.409985
-200.0,1,432.439914
-200.0,1,432.469508
429.55,152,434.588995
-200.0,1,434.622773
-200.0,1,434.656978
-200.0,1,434.691868
-200.0,1,434.724137
-204.2,5,434.807984
-200.0,1,434.839246
-200.0,1,434.873126
-200.0,1,434.906873
-200.0,1,434.938852
703.25,112,436.494524
-200.0,1,436.527224
-200.0,1,436.560586
-200.0,1,436.59222
-200.0,1,436.62232
-200.0,1,436.654768
605.4,107,438.144955
-200.0,1,438.177847
-200.0,1,438.207891
-200.0,1,438.241986
184.6,121,439.927412
-200.0,1,439.960676
-200.0,1,439.994166
-200.0,1,440.023881
781.7,153,442.146247
-200.0,1,442.179851
-200.0,1,442.212475
-200.0,1,442.244214
19.25,40,442.811135
-200.0,1,442.844717
-200.0,1,442.876696
-200.0,1,442.908023
54.3,45,443.542031
-200.0,1,443.575734
-200.0,1,443.608354
-200.0,1,443.64081
690.95,178,446.548244
-200.0,1,446.581496
-200.0,1,446.61067
-200.0,1,446.642937
-200.0,1,446.673331
-204.2,5,446.757323
-200.0,1,446.790378
-200.0,1,446.82104
-200.0,1,446.851
371.4,117,448.490737
-200.0,1,448.525145
-200.0,1,448.558455
-200.0,1,448.591493
41.15,106,450.048454
-200.0,1,450.080769
-200.0,1,450.11099
-200.0,1,450.141271
395.4,113,451.693923
-200.0,1,451.727258
-200.0,1,451.757824
-200.0,1,451.792072
-201.55,2,451.835285
-200.0,1,451.865106
-200.0,1,451.896077
-200.0,1,451.926387
4098.2,621,460.500988
-200.0,1,460.534064
-200.0,1,460.567507
-200.0,1,460.598782
955.0,179,463.070299
-200.0,1,463.103944
-200.0,1,463.140906
-200.0,1,463.174042
-200.0,1,463.20792
-200.0,1,463.240651
992.05,150,465.314784
-200.0,1,465.347665
-200.0,1,465.378653
-200.0,1,465.409133
355.9,143,467.374315
-200.0,1,467.421346
-200.0,1,467.454307
-200.0,1,467.483388
-200.0,1,467.512916
-13.5,101,468.904349
-200.0,1,468.937901
-200.0,1,468.972614
-200.0,1,469.008229
595.7,101,470.407177
-200.0,1,470.4386
-200.0,1,470.471605
-200.0,1,470.505829
991.35,172,472.894136
-200.0,1,472.928906
-200.0,1,472.960203
-200.0,1,472.991726
-200.0,1,473.023355
446.95,86,474.678021
-200.0,1,474.711163
-200.0,1,474.743393
-200.0,1,474.77425
298.2,69,475.731394
-200.0,1,475.762868
-200.0,1,475.794083
-200.0,1,475.824847
476.95,92,477.112949
-200.0,1,477.142545
-200.0,1,477.172788
-200.0,1,477.206252
-200.0,1,477.239289
-51.6,63,478.123817
-200.0,1,478.15804
-200.0,1,478.191592
-200.0,1,478.223579
-200.0,1,478.256494
-205.6,5,478.338307
-200.0,1,478.370571
-200.0,1,478.402784
-200.0,1,478.433859
4162.75,698,488.030826
-200.0,1,488.063392
-200.0,1,488.09806
-200.0,1,488.129285
520.15,138,490.041552
-200.0,1,490.074501
-200.0,1,490.106006
-200.0,1,490.134411
497.05,114,491.709117
-200.0,1,491.74103
-200.0,1,491.775585
-200.0,1,491.805037
918.6,177,494.246139
-200.0,1,494.277946
-200.0,1,494.310121
-200.0,1,494.342563
626.3,153,496.458311
-200.0,1,496.490986
-200.0,1,496.526173
-200.0,1,496.56001
1178.05,206,499.427835
-200.0,1,499.459472
-200.0,1,499.493242
-200.0,1,499.525075
-200.0,1,499.560518
1600.85,210,502.441568
-200.0,1,502.47438
-200.0,1,502.508818
-200.0,1,502.539323
641.95,156,505.159152
-200.0,1,505.19104
-200.0,1,505.222621
-200.0,1,505.25256
192.55,78,506.332045
-200.0,1,506.36544
-200.0,1,506.398996
-200.0,1,506.429333
868.55,188,509.056227
-200.0,1,509.089711
-200.0,1,509.124551
-200.0,1,509.158043
545.05,108,510.650004
-200.0,1,510.682566
-200.0,1,510.71348
-200.0,1,510.745393
818.45,226,513.889915
-200.0,1,513.923844
-200.0,1,513.957847
-200.0,1,513.992032
-200.0,1,514.026363
927.15,188,516.623598
-200.0,1,516.659834
-200.0,1,516.693439
-200.0,1,516.723513
947.8,181,519.216983
-200.0,1,519.246797
-200.0,1,519.277227
-200.0,1,519.309622
-23.95,70,520.269804
-200.0,1,520.301671
-200.0,1,520.331534
-200.0,1,520.361612
-10.6,87,521.565509
-200.0,1,521.59775
-200.0,1,521.629614
-200.0,1,521.65897
-200.0,1,521.69141
-200.0,1,521.723716
-127.9,23,522.052264
-200.0,1,522.085851
-200.0,1,522.118686
-200.0,1,522.150261
-157.65,14,522.356769
-200.0,1,522.390394
-200.0,1,522.424329
-200.0,1,522.45784
1050.85,172,524.864392
-200.0,1,524.897334
-200.0,1,524.928849
-200.0,1,524.96078
2068.35,354,529.83838
-200.0,1,529.868494
-200.0,1,529.898025
-200.0,1,529.928633
-22.75,60,530.757825
-200.0,1,530.791453
-200.0,1,530.825526
-200.0,1,530.85902
-200.0,1,530.891267
-200.0,1,530.92394
83.55,128,532.704653
-200.0,1,532.737038
-200.0,1,532.770258
-200.0,1,532.802127
-171.15,12,532.983413
-200.0,1,533.016411
-200.0,1,533.046799
-200.0,1,533.077207
1824.9,281,537.388851
-200.0,1,537.42331
-200.0,1,537.457404
-200.0,1,537.488565
-200.0,1,537.520713
-18.2,31,537.969145
-200.0,1,538.000853
-200.0,1,538.032287
-200.0,1,538.063534
629.45,116,539.672741
-200.0,1,539.70597
-200.0,1,539.742674
-200.0,1,539.774545
-200.0,1,539.805026
1277.2,249,543.248257
-200.0,1,543.279137
-200.0,1,543.310913
-200.0,1,543.341834
1829.3,271,547.093786
-200.0,1,547.125926
-200.0,1,547.158311
-200.0,1,547.189702
-200.0,1,547.223628
-72.45,56,548.009368
-200.0,1,548.043398
-200.0,1,548.076874
-200.0,1,548.106429
-200.0,1,548.136589
2382.0,311,552.423746
-200.0,1,552.457409
-200.0,1,552.490786
-200.0,1,552.524165
3589.75,578,560.482767
-200.0,1,560.516724
-200.0,1,560.548957
-200.0,1,560.579914
-83.35,46,561.235467
-200.0,1,561.265999
-200.0,1,561.296819
-200.0,1,561.32904
-204.75,8,561.454441
-200.0,1,561.487011
-200.0,1,561.520676
-200.0,1,561.553494
513.8,151,564.114788
-200.0,1,564.146973
-200.0,1,564.178555
-200.0,1,564.210924
-142.15,36,564.719535
-200.0,1,564.750611
-200.0,1,564.780761
-200.0,1,564.811183
760.75,182,567.3143
-200.0,1,567.345678
-200.0,1,567.377106
-200.0,1,567.407314
117.8,113,568.96843
-200.0,1,569.001304
-200.0,1,569.033753
-200.0,1,569.064809
574.15,130,570.862198
-200.0,1,570.893348
-200.0,1,570.929157
-200.0,1,570.958812
401.05,230,574.130376
-200.0,1,574.163058
-200.0,1,574.197796
-200.0,1,574.228595
293.4,165,576.489851
-200.0,1,576.523345
-200.0,1,576.557897
-200.0,1,576.591289
-200.0,1,576.623511
469.7,125,578.346527
-200.0,1,578.379166
-200.0,1,578.411804
-200.0,1,578.444205
153.25,62,579.318533
-200.0,1,579.351829
-200.0,1,579.384273
-200.0,1,579.415407
2707.55,442,585.483734
-200.0,1,585.515748
-200.0,1,585.545977
-200.0,1,585.576515
-200.0,1,585.607066
-200.0,1,585.639281
-62.6,65,586.555338
-200.0,1,586.590013
-200.0,1,586.623639
-200.0,1,586.656275
922.55,218,589.666458
-200.0,1,589.698915
-200.0,1,589.731582
-200.0,1,589.761961
83.6,73,590.751991
-200.0,1,590.784161
-200.0,1,590.816906
-200.0,1,590.847039
-55.65,52,591.582288
-200.0,1,591.615135
-200.0,1,591.648239
-200.0,1,591.67954
-200.0,1,591.710294
249.9,75,593.20494
-200.0,1,593.235929
-200.0,1,593.27041
-200.0,1,593.301006
613.3,89,594.545603
-200.0,1,594.578859
-200.0,1,594.609755
-200.0,1,594.646336
2025.2,317,599.003342
-200.0,1,599.036657
-200.0,1,599.069255
-200.0,1,599.102382
-125.35,16,599.329963
-200.0,1,599.362121
-200.0,1,599.394528
-200.0,1,599.4255
-200.0,1,599.456219
557.25,118,601.06923
-200.0,1,601.1035
-200.0,1,601.137143
-200.0,1,601.171654
-200.0,1,601.20352
-200.0,1,601.23512
460.35,108,602.730266
-200.0,1,602.761716
-200.0,1,602.794469
-200.0,1,602.826189
1150.85,176,605.253458
-200.0,1,605.283846
-200.0,1,605.313839
-200.0,1,605.34417
-202.2,9,605.477747
-200.0,1,605.509943
-200.0,1,605.542588
-200.0,1,605.572505
92.3,55,606.354223
-200.0,1,606.386766
-200.0,1,606.419754
-200.0,1,606.451423
278.8,121,608.110513
-200.0,1,608.143423
-200.0,1,608.173676
-200.0,1,608.206471
-193.65,4,608.273394
-200.0,1,608.307639
-200.0,1,608.338538
-200.0,1,608.372704
-200.0,1,608.406747
32.2,79,609.519951
-200.0,1,609.553121
-200.0,1,609.586111
-200.0,1,609.616232
602.0,183,612.140892
-200.0,1,612.18726
-200.0,1,612.217884
-200.0,1,612.247894
-200.0,1,612.277923
1011.95,182,614.788692
-200.0,1,614.822641
-200.0,1,614.857023
-200.0,1,614.891688
-200.0,1,614.923215
-200.0,1,614.957921
1264.4,203,617.76127
-200.0,1,617.794302
-200.0,1,617.826642
-200.0,1,617.859919
309.35,68,618.810831
-200.0,1,618.843157
-200.0,1,618.874914
-200.0,1,618.905954
325.0,109,620.407075
-200.0,1,620.439834
-200.0,1,620.477728
-200.0,1,620.507591
4.65,82,621.636694
-200.0,1,621.670673
-200.0,1,621.70226
-200.0,1,621.733256
-169.4,13,621.921453
-200.0,1,621.956433
-200.0,1,621.99033
-200.0,1,622.025384
-200.0,1,622.057206
-200.0,1,622.08906
3915.15,606,630.895755
-200.0,1,630.927564
-200.0,1,630.959068
-200.0,1,630.989831
-195.75,6,631.085519
501.1,85,632.273021
-200.0,1,632.307149
-200.0,1,632.341522
-200.0,1,632.373347
1370.85,266,636.05426
-200.0,1,636.086796
-200.0,1,636.118082
-200.0,1,636.149756
709.25,184,638.701885
-200.0,1,638.732905
-200.0,1,638.76333
-200.0,1,638.792202
25.85,50,639.495767
-200.0,1,639.527422
-200.0,1,639.557132
-200.0,1,639.58911
1494.5,223,642.655191
-200.0,1,642.689029
-200.0,1,642.719735
-200.0,1,642.749434
550.75,120,644.408923
-200.0,1,644.440976
-200.0,1,644.473179
-200.0,1,644.506824
-200.0,1,644.540122
1946.75,272,648.27682
-200.0,1,648.310532
-200.0,1,648.342776
-200.0,1,648.37264
140.45,112,649.92629
-200.0,1,649.958548
-200.0,1,649.993575
-200.0,1,650.025696
369.95,92,651.298865
-200.0,1,651.332388
-200.0,1,651.364509
-200.0,1,651.396152
-200.0,1,651.428786
2408.8,391,657.276361
-200.0,1,657.308072
-200.0,1,657.339814
-200.0,1,657.374299
-134.45,28,657.78772
-200.0,1,657.824185
-200.0,1,657.856889
-200.0,1,657.890335
-200.0,1,657.922438
379.95,112,659.486559
-200.0,1,659.520447
-200.0,1,659.554441
-200.0,1,659.587001
2825.05,426,665.458567
-200.0,1,665.490654
-200.0,1,665.522825
-200.0,1,665.556988
384.3,71,666.543747
-200.0,1,666.576985
-200.0,1,666.608579
-200.0,1,666.640604
415.95,140,668.571841
-200.0,1,668.605588
-200.0,1,668.640574
-200.0,1,668.675115
656.85,174,671.067595
-200.0,1,671.098055
-200.0,1,671.131014
-200.0,1,671.160519
1648.7,341,675.87546
-200.0,1,675.917763
-200.0,1,675.948333
-200.0,1,675.978251
-200.0,1,676.005851
-200.0,1,676.034642
-200.0,1,676.064229
161.2,69,677.024923
-200.0,1,677.055578
-200.0,1,677.090819
-200.0,1,677.12424
1285.85,242,680.445704
-200.0,1,680.476833
-200.0,1,680.508642
-200.0,1,680.53636
-79.15,30,681.419606
-200.0,1,681.449311
-200.0,1,681.479342
-200.0,1,681.508609
-200.0,1,681.539652
-200.0,1,681.572184
1076.75,178,684.016403
-200.0,1,684.046535
-200.0,1,684.077785
-200.0,1,684.107388
571.05,136,685.975816
-200.0,1,686.008334
-200.0,1,686.039295
-200.0,1,686.070547
1125.85,210,688.987806
-200.0,1,689.021865
-200.0,1,689.05705
-200.0,1,689.089651
-200.0,1,689.120888
-200.0,1,689.154766
-200.0,1,689.189753
1444.85,244,692.553605
-200.0,1,692.593174
-200.0,1,692.622606
-200.0,1,692.653397
-201.55,2,692.694589
874.35,242,696.021442
-200.0,1,696.051688
-200.0,1,696.083545
-200.0,1,696.113812
855.2,145,698.121735
-200.0,1,698.155055
-200.0,1,698.191651
-200.0,1,698.225978
-200.0,1,698.25619
255.1,127,700.024917
-200.0,1,700.060139
-200.0,1,700.092684
-200.0,1,700.123835
2348.9,413,705.831338
-200.0,1,705.86359
-200.0,1,705.895696
-200.0,1,705.927026
-200.0,1,705.958477
619.25,164,708.258451
-200.0,1,708.292089
-200.0,1,708.325805
-200.0,1,708.359256
1227.65,226,711.920031
-200.0,1,711.953189
-200.0,1,711.986599
-200.0,1,712.018537
361.95,96,713.359404
-200.0,1,713.392487
-200.0,1,713.424882
-200.0,1,713.456562
-200.0,1,713.488132
636.6,147,715.520693
-200.0,1,715.550668
-200.0,1,715.579456
-200.0,1,715.609481
974.4,179,718.089957
-200.0,1,718.124305
-200.0,1,718.156238
-200.0,1,718.185916
908.4,127,719.962323
-200.0,1,719.998865
-200.0,1,720.029378
-200.0,1,720.060322
405.15,112,721.588365
-200.0,1,721.622947
-200.0,1,721.657204
-200.0,1,721.692516
-200.0,1,721.722391
-200.0,1,721.75639
-200.0,1,721.788202
-185.6,5,721.868818
-200.0,1,721.899628
-200.0,1,721.929432
-200.0,1,721.959469
-192.65,4,722.027782
-200.0,1,722.058272
452.1,115,723.650342
-200.0,1,723.682491
-200.0,1,723.714208
-200.0,1,723.745811
-200.0,1,723.776074
412.0,65,724.672823
-200.0,1,724.70646
-200.0,1,724.740648
-200.0,1,724.773228
-207.1,7,724.884895
-200.0,1,724.917791
-200.0,1,724.947782
-200.0,1,724.978771
597.2,83,726.120162
-200.0,1,726.154706
-200.0,1,726.190646
-200.0,1,726.229476
-200.0,1,726.260269
-200.0,1,726.290478
-200.0,1,726.319457
263.6,95,727.638211
-200.0,1,727.670676
-200.0,1,727.706812
-200.0,1,727.739647
-200.0,1,727.773072
-200.0,1,727.804734
-200.0,1,727.835162
217.7,85,729.023057
-200.0,1,729.057834
-200.0,1,729.08825
-200.0,1,729.119494
-201.55,2,729.163507
-200.0,1,729.192753
-200.0,1,729.224011
898.5,235,732.473065
-200.0,1,732.507169
-200.0,1,732.541834
-200.0,1,732.572357
3452.5,837,744.527452
-200.0,1,744.560889
-200.0,1,744.591896
-200.0,1,744.621676
1506.25,252,748.092152
-200.0,1,748.125571
-200.0,1,748.155887
-200.0,1,748.187265
1681.65,230,751.352442
-200.0,1,751.388226
-200.0,1,751.422562
-200.0,1,751.454685
-200.0,1,751.485216
-200.0,1,751.51609
520.45,166,753.813608
-200.0,1,753.846153
-200.0,1,753.879714
-200.0,1,753.910319
1697.05,238,757.189936
-200.0,1,757.222409
-200.0,1,757.256077
-200.0,1,757.292304
-200.0,1,757.325625
-101.45,52,758.054516
-200.0,1,758.089528
-200.0,1,758.126593
-200.0,1,758.157546
1191.2,517,765.244043
-200.0,1,765.278499
-200.0,1,765.310568
-200.0,1,765.340886
910.85,224,768.413988
-200.0,1,768.446943
-200.0,1,768.47947
-200.0,1,768.509663
-181.85,10,768.662727
-200.0,1,768.695105
-200.0,1,768.727731
-200.0,1,768.758951
243.4,93,770.488722
-200.0,1,770.521556
-200.0,1,770.555397
-200.0,1,770.588938
557.65,126,772.328836
-200.0,1,772.36395
-200.0,1,772.395652
-200.0,1,772.424988
1846.3,325,776.919886
-200.0,1,776.953624
-200.0,1,776.987991
-200.0,1,777.021895
655.0,151,779.110788
-200.0,1,779.145383
-200.0,1,779.176003
-200.0,1,779.204464
727.1,143,781.171371
-200.0,1,781.202677
-200.0,1,781.232574
-200.0,1,781.262843
377.75,64,782.152703
-200.0,1,782.183567
-200.0,1,782.214646
-200.0,1,782.242019
1482.45,274,786.027004
-200.0,1,786.058744
-200.0,1,786.091485
-200.0,1,786.12394
1228.6,241,789.461191
-200.0,1,789.494158
-200.0,1,789.527516
-200.0,1,789.556986
91.5,83,790.689645
-200.0,1,790.725166
-200.0,1,790.758513
-200.0,1,790.791143
1009.05,172,793.173923
-200.0,1,793.207017
-200.0,1,793.242635
-200.0,1,793.275322
-200.0,1,793.306402
234.45,88,794.526822
-200.0,1,794.559827
-200.0,1,794.589893
-200.0,1,794.62049
1803.9,425,800.921031
-200.0,1,800.957505
-200.0,1,800.989313
-200.0,1,801.019984
-200.0,1,801.050593
291.15,116,802.670114
-200.0,1,802.702739
-200.0,1,802.738577
-200.0,1,802.771704
2132.65,238,806.070229
-200.0,1,806.099089
-200.0,1,806.126289
-200.0,1,806.155947
-200.0,1,806.185118
1081.35,346,810.959988
-200.0,1,810.992549
-200.0,1,811.022453
-200.0,1,811.053497
186.45,60,811.901564
-200.0,1,811.932574
-200.0,1,811.965244
-200.0,1,811.995423
755.95,208,814.880657
-200.0,1,814.916834
-200.0,1,814.947688
-200.0,1,814.976935
338.9,115,816.552589
-200.0,1,816.585875
-200.0,1,816.618975
-200.0,1,816.649576
893.1,189,819.280803
-200.0,1,819.312833
-200.0,1,819.342923
-200.0,1,819.374606
580.45,164,821.636052
-200.0,1,821.669972
-200.0,1,821.705074
-200.0,1,821.737599
378.6,65,822.65539
-200.0,1,822.68867
-200.0,1,822.722437
-200.0,1,822.755418
907.65,176,825.171474
-200.0,1,825.202364
-200.0,1,825.23572
-200.0,1,825.269448
-59.4,29,825.669956
-200.0,1,825.701208
-200.0,1,825.732219
-200.0,1,825.76296
1405.65,300,830.370566
-200.0,1,830.406523
-200.0,1,830.440908
-200.0,1,830.471152
-200.0,1,830.500677
-190.55,4,830.567418
2654.7,411,836.220208
-200.0,1,836.252621
-200.0,1,836.28546
-200.0,1,836.317775
-103.05,62,837.181571
-200.0,1,837.214374
-200.0,1,837.248626
-200.0,1,837.280181
934.2,185,839.845693
-200.0,1,839.877725
-200.0,1,839.909318
-200.0,1,839.941316
831.7,131,841.74312
-200.0,1,841.783005
-200.0,1,841.814271
-200.0,1,841.844007
-200.0,1,841.872336
294.15,90,843.11952
-200.0,1,843.151661
-200.0,1,843.184629
-200.0,1,843.216119
-156.85,8,843.338716
-200.0,1,843.372577
-200.0,1,843.40543
-200.0,1,843.439624
178.35,160,845.647574
-200.0,1,845.67768
-200.0,1,845.709691
-200.0,1,845.740615
-200.0,1,845.771285
440.1,131,847.596233
-200.0,1,847.627477
-200.0,1,847.659141
-200.0,1,847.691129
-200.0,1,847.724502
-200.0,1,847.75604
555.9,143,849.743481
-200.0,1,849.778712
-200.0,1,849.808189
-200.0,1,849.835713
1943.65,284,853.739594
-200.0,1,853.772333
-200.0,1,853.805623
-200.0,1,853.838496
-200.0,1,853.871612
625.75,190,856.489666
-200.0,1,856.522318
-200.0,1,856.556071
-200.0,1,856.589061
197.7,125,858.7722
-200.0,1,858.807907
-200.0,1,858.838753
-200.0,1,858.866538
-185.2,5,858.945256
-200.0,1,858.975558
-200.0,1,859.006536
-200.0,1,859.03751
-200.0,1,859.071378
675.25,142,861.021536
-200.0,1,861.054447
-200.0,1,861.089107
-200.0,1,861.119242
585.25,232,864.328248
-200.0,1,864.360182
-200.0,1,864.39066
-200.0,1,864.4217
-200.0,1,864.454131
1555.6,203,867.269393
-200.0,1,867.30272
-200.0,1,867.33705
-200.0,1,867.366062
-200.75,8,867.483431
-200.0,1,867.514974
-200.0,1,867.54543
-200.0,1,867.577995
293.9,53,868.325705
-200.0,1,868.35844
-200.0,1,868.390491
-200.0,1,868.4231
1120.2,231,871.594121
-200.0,1,871.6256
-200.0,1,871.656013
-200.0,1,871.686437
-4.85,44,872.315229
-200.0,1,872.3491
-200.0,1,872.37875
-200.0,1,872.409576
-101.75,30,872.8417
-200.0,1,872.873464
-200.0,1,872.907253
-200.0,1,872.93951
-200.0,1,872.972002
511.05,114,874.563771
-200.0,1,874.594393
-200.0,1,874.630218
-200.0,1,874.662045
-200.0,1,874.690944
-200.0,1,874.720763
981.6,207,877.563974
-200.0,1,877.595272
-200.0,1,877.627602
-200.0,1,877.657815
614.15,154,879.79089
-200.0,1,879.823741
-200.0,1,879.855178
-200.0,1,879.885995
-203.6,9,880.023314
-200.0,1,880.055764
-200.0,1,880.090471
-200.0,1,880.124689
-200.0,1,880.155577
129.15,74,881.185283
-200.0,1,881.215369
-200.0,1,881.246941
-200.0,1,881.277481
936.0,185,883.835757
-200.0,1,883.866121
-200.0,1,883.898033
-200.0,1,883.928876
1979.95,338,889.014584
-200.0,1,889.048041
-200.0,1,889.079229
-200.0,1,889.107984
255.5,57,889.89954
-200.0,1,889.931221
-200.0,1,889.96231
-200.0,1,889.992857
995.75,170,892.324957
-200.0,1,892.358075
-200.0,1,892.389844
-200.0,1,892.424341
-200.0,1,892.456113
-200.0,1,892.487631
1174.45,134,894.339516
-200.0,1,894.374157
-200.0,1,894.40928
-200.0,1,894.44129
-200.0,1,894.472052
-200.0,1,894.506442
23.9,99,895.871048
-200.0,1,895.906507
-200.0,1,895.940199
-200.0,1,895.97043
640.1,183,898.517806
-200.0,1,898.549478
-200.0,1,898.580057
-200.0,1,898.611042
638.75,274,902.39491
-200.0,1,902.428033
-200.0,1,902.459439
-200.0,1,902.490494
2541.15,636,911.260196
-200.0,1,911.293444
-200.0,1,911.326981
-200.0,1,911.354709
815.8,183,913.879602
-200.0,1,913.9116
-200.0,1,913.943851
-200.0,1,913.975205
1394.85,212,917.357077
-200.0,1,917.388035
-200.0,1,917.418873
-200.0,1,917.450057
836.3,125,919.184728
-200.0,1,919.21844
-200.0,1,919.254885
-200.0,1,919.289203
-200.0,1,919.321111
977.95,246,922.720788
-200.0,1,922.751546
-200.0,1,922.78428
-200.0,1,922.814674
510.55,162,925.060986
-200.0,1,925.093677
-200.0,1,925.126253
-200.0,1,925.157112
259.7,95,926.45747
-200.0,1,926.49185
-200.0,1,926.523962
-200.0,1,926.55512
598.1,175,928.983668
-200.0,1,929.017348
-200.0,1,929.050099
-200.0,1,929.082403
136.05,58,929.90308
-200.0,1,929.93744
-200.0,1,929.973963
-200.0,1,930.00435
-200.0,1,930.0375
427.5,135,931.90292
-200.0,1,931.938145
-200.0,1,931.968366
-200.0,1,931.99828
485.35,90,933.261054
-200.0,1,933.294083
-200.0,1,933.326441
-200.0,1,933.358758
160.75,48,934.037808
-200.0,1,934.072816
-200.0,1,934.106743
-200.0,1,934.139162
696.6,117,935.744905
-200.0,1,935.78176
-200.0,1,935.814079
-200.0,1,935.843679
-23.7,39,936.385172
-200.0,1,936.416367
-200.0,1,936.448095
-200.0,1,936.479166
198.85,64,937.377761
-200.0,1,937.409543
-200.0,1,937.440938
-200.0,1,937.471325
2101.25,504,944.417899
-200.0,1,944.451116
-200.0,1,944.485424
-200.0,1,944.517639
1476.7,243,948.313296
-200.0,1,948.346203
-200.0,1,948.378836
-200.0,1,948.408746
722.35,146,950.465948
-200.0,1,950.498657
-200.0,1,950.529594
-200.0,1,950.559282
169.05,162,952.80421
-200.0,1,952.838472
-200.0,1,952.872046
-200.0,1,952.904472
-200.0,1,952.939777
-200.0,1,952.972093
-175.75,6,953.072197
735.5,187,955.626791
-200.0,1,955.657695
-200.0,1,955.688718
-200.0,1,955.720449
758.6,141,957.688526
-200.0,1,957.722086
-200.0,1,957.755233
-200.0,1,957.785587
806.65,160,959.916795
-200.0,1,959.948869
-200.0,1,959.978294
-200.0,1,960.009113
7612.5,1151,976.253341
-200.0,1,976.286899
-200.0,1,976.315346
-200.0,1,976.344102
716.7,97,977.731612
-200.0,1,977.761796
-200.0,1,977.795246
-200.0,1,977.826332
92.7,59,978.658258
-200.0,1,978.691598
-200.0,1,978.721114
-200.0,1,978.752571
1609.15,306,982.971102
-200.0,1,983.00414
-200.0,1,983.038171
-200.0,1,983.071882
653.05,114,984.662007
-200.0,1,984.694599
-200.0,1,984.725566
-200.0,1,984.754831
-138.5,41,985.326678
-200.0,1,985.359265
-200.0,1,985.392158
-200.0,1,985.423923
189.7,93,986.693048
-200.0,1,986.725471
-200.0,1,986.756777
-200.0,1,986.787157
48.0,99,988.167978
-200.0,1,988.204799
-200.0,1,988.238145
-200.0,1,988.269265
1282.95,238,991.539897
-200.0,1,991.574242
-200.0,1,991.606744
-200.0,1,991.639767
-200.0,1,991.670198
506.5,79,992.774929
-200.0,1,992.808468
-200.0,1,992.841306
-200.0,1,992.872422
1769.0,265,996.538862
-200.0,1,996.572091
-200.0,1,996.603932
-200.0,1,996.638146
723.45,110,998.172306
-200.0,1,998.203602
-200.0,1,998.237713
-200.0,1,998.274746
-200.0,1,998.307986
-200.0,1,998.340035
-200.0,1,998.368419
299.4,75,999.407038
-200.0,1,999.440731
-200.0,1,999.471034
-200.0,1,999.505223
149.7,139,1001.425189
-200.0,1,1001.458828
-200.0,1,1001.490291
-200.0,1,1001.521119
-200.0,1,1001.552863
1341.95,264,1005.656612
-200.0,1,1005.684722
-200.0,1,1005.715708
-200.0,1,1005.746978
133.5,109,1007.261199
-200.0,1,1007.297344
-200.0,1,1007.327766
-200.0,1,1007.357692
-200.0,1,1007.388944
-204.75,6,1007.481075
549.15,88,1008.705203
-200.0,1,1008.738227
-200.0,1,1008.771306
-200.0,1,1008.802462
-200.0,1,1008.835959
-200.0,1,1008.867563
656.55,96,1010.228666
-200.0,1,1010.261301
-200.0,1,1010.294201
-200.0,1,1010.326386
-200.0,1,1010.357554
235.7,57,1011.147711
-200.0,1,1011.178928
-200.0,1,1011.211464
-200.0,1,1011.242824
-200.5,7,1011.351725
-200.0,1,1011.382206
-200.0,1,1011.414533
-200.0,1,1011.446492
394.6,113,1013.008788
-200.0,1,1013.040671
-200.0,1,1013.071982
-200.0,1,1013.103833
630.55,192,1015.745765
-200.0,1,1015.777629
-200.0,1,1015.809477
-200.0,1,1015.840905
1126.35,182,1018.35418
-200.0,1,1018.386298
-200.0,1,1018.420711
-200.0,1,1018.453903
-192.65,4,1018.523393
-200.0,1,1018.555369
-192.25,14,1018.765368
-200.0,1,1018.797406
-200.0,1,1018.826764
-200.0,1,1018.85731
-201.1,5,1018.93758
-200.0,1,1018.967086
-200.0,1,1018.9984
-200.0,1,1019.029274
1326.85,260,1022.60146
-200.0,1,1022.634555
-200.0,1,1022.666249
-200.0,1,1022.697567
26.6,145,1024.718931
-200.0,1,1024.751074
-200.0,1,1024.786403
-200.0,1,1024.82041
465.45,80,1025.926696
-200.0,1,1025.959822
-200.0,1,1025.992031
-200.0,1,1026.02429
275.75,144,1028.033498
-200.0,1,1028.069465
-200.0,1,1028.101551
-200.0,1,1028.132562
542.85,148,1030.194923
-200.0,1,1030.227346
-200.0,1,1030.262693
-200.0,1,1030.294707
814.4,135,1032.152612
-200.0,1,1032.186323
-200.0,1,1032.221194
-200.0,1,1032.256147
-200.0,1,1032.288686
-200.0,1,1032.320118
-200.0,1,1032.35485
2189.9,437,1038.836877
-200.0,1,1038.869901
-200.0,1,1038.904842
-200.0,1,1038.938882
-200.0,1,1038.98065
-200.0,1,1039.012747
-200.0,1,1039.042678
-200.0,1,1039.072871
1832.75,228,1042.239522
-200.0,1,1042.271165
-200.0,1,1042.304133
-200.0,1,1042.335806
1348.85,260,1045.94219
-200.0,1,1045.974627
-200.0,1,1046.005217
-200.0,1,1046.035994
442.5,75,1047.07591
-200.0,1,1047.107396
-200.0,1,1047.140786
-200.0,1,1047.173391
811.2,145,1049.174301
-200.0,1,1049.205829
-200.0,1,1049.238492
-200.0,1,1049.268762
-200.0,1,1049.299563
691.15,206,1052.140876
-200.0,1,1052.173427
-200.0,1,1052.207731
-200.0,1,1052.237989
2107.95,264,1055.888479
-200.0,1,1055.922269
-200.0,1,1055.956416
-200.0,1,1055.988636
1337.25,242,1059.342743
-200.0,1,1059.375832
-200.0,1,1059.403799
-200.0,1,1059.436061
675.75,170,1061.779344
-200.0,1,1061.81258
-200.0,1,1061.847481
-200.0,1,1061.879092
-200.0,1,1061.909964
867.35,178,1064.379642
-200.0,1,1064.410503
-200.0,1,1064.443123
-200.0,1,1064.476204
1114.9,223,1067.990549
-200.0,1,1068.022964
-200.0,1,1068.056034
-200.0,1,1068.090003
1116.3,201,1070.875913
-200.0,1,1070.907966
-200.0,1,1070.940575
-200.0,1,1070.973911
-184.75,6,1071.071703
547.65,136,1072.978143
-200.0,1,1073.010458
-200.0,1,1073.045013
-200.0,1,1073.075405
475.4,117,1074.703514
-200.0,1,1074.737693
-200.0,1,1074.771426
-200.0,1,1074.804788
-200.0,1,1074.83689
919.95,172,1077.200009
-200.0,1,1077.232625
-200.0,1,1077.26404
-200.0,1,1077.293983
-201.55,2,1077.338916
-200.0,1,1077.36968
-200.0,1,1077.405904
-200.0,1,1077.43775
28.65,82,1078.575688
-200.0,1,1078.608724
-200.0,1,1078.639983
-200.0,1,1078.671619
102.0,51,1079.383366
-200.0,1,1079.416868
-200.0,1,1079.448348
-200.0,1,1079.479785
76.6,83,1080.637134
-200.0,1,1080.670683
-200.0,1,1080.705404
-200.0,1,1080.735906
365.75,62,1081.598865
-200.0,1,1081.632508
-200.0,1,1081.66489
-200.0,1,1081.695664
142.0,103,1083.143264
-200.0,1,1083.182465
-200.0,1,1083.21281
-200.0,1,1083.242524
147.85,98,1084.604336
-200.0,1,1084.638099
-200.0,1,1084.670763
-200.0,1,1084.701522
-200.0,1,1084.73262
783.6,103,1086.144327
-200.0,1,1086.177025
-200.0,1,1086.208968
-200.0,1,1086.24071
-200.0,1,1086.270849
-204.75,6,1086.370126
799.1,189,1088.995213
-200.0,1,1089.027334
-200.0,1,1089.05899
-200.0,1,1089.090943
1583.05,252,1092.552784
-200.0,1,1092.5856
-200.0,1,1092.619941
-200.0,1,1092.65499
-200.0,1,1092.687486
-200.0,1,1092.720972
798.75,118,1094.353751
-200.0,1,1094.390325
-200.0,1,1094.421736
-200.0,1,1094.451068
104.5,57,1095.70398
-200.0,1,1095.736176
-200.0,1,1095.770179
-200.0,1,1095.800875
-82.65,30,1096.218257
-200.0,1,1096.250771
-200.0,1,1096.282969
-200.0,1,1096.31192
1162.85,210,1099.232281
-200.0,1,1099.266378
-200.0,1,1099.298959
-200.0,1,1099.329749
943.4,173,1101.690455
-200.0,1,1101.725098
-200.0,1,1101.757611
-200.0,1,1101.78965
550.65,108,1103.285365
-200.0,1,1103.320153
-200.0,1,1103.354435
-200.0,1,1103.390186
-200.0,1,1103.420589
821.2,221,1106.461152
-200.0,1,1106.493423
-200.0,1,1106.525136
-200.0,1,1106.556546
-200.0,1,1106.58701
300.65,54,1107.343578
-200.0,1,1107.375194
-200.0,1,1107.407685
-200.0,1,1107.437488
-200.0,1,1107.470852
-200.0,1,1107.50696
1052.2,235,1110.732113
-200.0,1,1110.762636
-200.0,1,1110.79295
-200.0,1,1110.823257
939.25,138,1112.738447
-200.0,1,1112.772343
-200.0,1,1112.803154
-200.0,1,1112.836691
611.0,157,1115.020374
-200.0,1,1115.052332
-200.0,1,1115.08723
-200.0,1,1115.120423
420.0,117,1116.740936
-200.0,1,1116.776633
-200.0,1,1116.807002
-200.0,1,1116.835559
-200.0,1,1116.865113
361.25,126,1118.615925
-200.0,1,1118.647251
-200.0,1,1118.67922
-200.0,1,1118.711255
-54.2,89,1119.953632
-200.0,1,1119.985809
-200.0,1,1120.020197
-200.0,1,1120.054322
1214.35,196,1122.754823
-200.0,1,1122.787584
-200.0,1,1122.821751
-200.0,1,1122.853373
-179.3,9,1122.988207
-200.0,1,1123.020919
-200.0,1,1123.05409
-200.0,1,1123.086119
403.3,139,1125.477418
-200.0,1,1125.508777
-200.0,1,1125.540305
-200.0,1,1125.571351
99.3,95,1126.876976
-200.0,1,1126.909074
-200.0,1,1126.941959
-200.0,1,1126.976776
488.75,128,1128.764122
-200.0,1,1128.795944
-200.0,1,1128.827908
-200.0,1,1128.857895
-200.0,1,1128.889775
357.75,176,1131.328596
-200.0,1,1131.360536
-200.0,1,1131.392469
-200.0,1,1131.423074
1292.65,242,1134.762282
-200.0,1,1134.7949
-200.0,1,1134.825634
-200.0,1,1134.855326
-200.0,1,1134.884569
-200.0,1,1134.916516
-201.55,2,1134.960532
-200.0,1,1134.990423
-200.0,1,1135.019655
-174.75,6,1135.114373
-201.55,2,1135.15858
-200.0,1,1135.189444
-200.0,1,1135.21792
-200.0,1,1135.248164
1242.65,312,1139.568885
-200.0,1,1139.604578
-200.0,1,1139.638896
-200.0,1,1139.670307
456.6,109,1141.16653
-200.0,1,1141.199138
-200.0,1,1141.231262
-200.0,1,1141.261363
932.0,155,1143.430443
-200.0,1,1143.461055
-200.0,1,1143.494158
-200.0,1,1143.524858
-200.0,1,1143.555663
1258.5,241,1146.850948
-200.0,1,1146.881448
-200.0,1,1146.912371
-200.0,1,1146.943282
-41.45,72,1147.944874
-200.0,1,1147.976504
-200.0,1,1148.010334
-200.0,1,1148.041475
-82.0,59,1148.876779
-200.0,1,1148.910109
-200.0,1,1148.943129
-200.0,1,1148.976648
148.6,91,1150.244235
-200.0,1,1150.276244
-200.0,1,1150.306893
-200.0,1,1150.337922
-200.0,1,1150.368537
501.85,160,1152.577296
-200.0,1,1152.608698
-200.0,1,1152.639705
-200.0,1,1152.671864
621.45,94,1154.433343
-200.0,1,1154.466743
-200.0,1,1154.495135
-200.0,1,1154.525384
3008.9,735,1164.634677
-200.0,1,1164.664376
-200.0,1,1164.693967
-200.0,1,1164.723273
-200.0,1,1164.753428
-15.8,63,1165.640232
-200.0,1,1165.672498
-200.0,1,1165.705187
-200.0,1,1165.73803
-199.55,6,1165.836277
-49.5,27,1166.210897
-200.0,1,1166.244047
-200.0,1,1166.276295
-200.0,1,1166.308688
1308.75,268,1170.029852
-200.0,1,1170.06047
-200.0,1,1170.093352
-200.0,1,1170.125034
1986.1,315,1174.494326
-200.0,1,1174.525986
-200.0,1,1174.560244
-200.0,1,1174.59152
-181.1,5,1174.681538
-201.55,2,1174.722939
-200.0,1,1174.755412
-200.0,1,1174.786434
-200.0,1,1174.816583
949.8,225,1177.937713
-200.0,1,1177.970801
-200.0,1,1178.003852
-200.0,1,1178.038007
2624.9,373,1183.646341
-200.0,1,1183.676183
-200.0,1,1183.707009
-200.0,1,1183.739909
-200.0,1,1183.768437
722.1,175,1186.160224
-200.0,1,1186.193195
-200.0,1,1186.224734
-200.0,1,1186.255843
-200.0,1,1186.286628
1530.1,259,1189.901284
-200.0,1,1189.932335
-200.0,1,1189.96466
-200.0,1,1189.994688
611.5,183,1192.472315
-200.0,1,1192.50392
-200.0,1,1192.534243
-200.0,1,1192.566922
969.8,221,1195.620439
-200.0,1,1195.656611
-200.0,1,1195.690545
-200.0,1,1195.722219
-200.0,1,1195.755887
177.95,52,1196.476342
-200.0,1,1196.508967
-200.0,1,1196.541303
-200.0,1,1196.572549
-200.0,1,1196.604614
103.85,62,1197.478585
-200.0,1,1197.513486
-200.0,1,1197.545608
-200.0,1,1197.575727
-200.0,1,1197.6057
865.05,216,1200.583288
-200.0,1,1200.61661
-200.0,1,1200.648471
-200.0,1,1200.678031
3722.5,527,1207.922957
-200.0,1,1207.956001
-200.0,1,1207.987591
-200.0,1,1208.019662
337.25,140,1209.960825
-200.0,1,1209.992281
-200.0,1,1210.024078
-200.0,1,1210.055803
373.65,88,1211.267534
-200.0,1,1211.303459
-200.0,1,1211.339536
-200.0,1,1211.370594
108.65,44,1211.993627
-200.0,1,1212.02611
-200.0,1,1212.057991
-200.0,1,1212.08973
-67.55,40,1213.129104
-200.0,1,1213.159646
-200.0,1,1213.191514
-200.0,1,1213.220876
580.8,149,1215.256994
-200.0,1,1215.289718
-200.0,1,1215.322609
-200.0,1,1215.353226
-200.0,1,1215.383045
289.65,56,1216.166289
-200.0,1,1216.198682
-200.0,1,1216.229367
-200.0,1,1216.260703
-70.1,41,1216.835629
-200.0,1,1216.872673
-200.0,1,1216.906184
-200.0,1,1216.936981
498.55,96,1218.268123
-200.0,1,1218.297845
-200.0,1,1218.332767
-200.0,1,1218.365108
476.75,146,1220.400031
-200.0,1,1220.432566
-200.0,1,1220.46413
-200.0,1,1220.49531
1088.05,330,1225.034603
-200.0,1,1225.068323
-200.0,1,1225.102584
-200.0,1,1225.13271
282.85,78,1226.203451
-200.0,1,1226.237433
-200.0,1,1226.270904
-200.0,1,1226.304729
-200.0,1,1226.335759
785.65,140,1228.256831
-200.0,1,1228.290142
-200.0,1,1228.322503
-200.0,1,1228.354968
-200.0,1,1228.385063
-200.0,1,1228.416121
243.15,134,1230.291208
-200.0,1,1230.322429
-200.0,1,1230.355
-200.0,1,1230.387268
639.75,140,1232.320001
-200.0,1,1232.3533
-200.0,1,1232.396234
-200.0,1,1232.425809
-200.0,1,1232.455458
-200.0,1,1232.485889
286.35,106,1233.9603
-200.0,1,1233.992018
-200.0,1,1234.024148
-200.0,1,1234.056198
889.7,275,1237.856368
-200.0,1,1237.889928
-200.0,1,1237.921143
-200.0,1,1237.950133
706.7,179,1240.43952
-200.0,1,1240.474131
-200.0,1,1240.502867
-200.0,1,1240.53533
893.95,130,1242.782548
-200.0,1,1242.811273
-200.0,1,1242.840902
-200.0,1,1242.871649
1319.7,285,1246.799436
-200.0,1,1246.831294
-200.0,1,1246.86309
-200.0,1,1246.891845
878.1,171,1249.26422
-200.0,1,1249.295111
-200.0,1,1249.327308
-200.0,1,1249.35972
520.75,174,1251.760933
-200.0,1,1251.793082
-200.0,1,1251.823097
-200.0,1,1251.852397
1633.0,243,1255.217399
-200.0,1,1255.251606
-200.0,1,1255.282744
-200.0,1,1255.314485
8.55,30,1255.736077
-200.0,1,1255.771394
-200.0,1,1255.806024
-200.0,1,1255.839127
-200.0,1,1255.867051
4606.55,800,1266.852756
-200.0,1,1266.886755
-200.0,1,1266.919925
-200.0,1,1266.951449
338.25,176,1269.400405
-200.0,1,1269.432545
-200.0,1,1269.464593
-200.0,1,1269.495102
573.95,144,1271.948834
-200.0,1,1271.97986
-200.0,1,1272.009898
-200.0,1,1272.039836
713.4,179,1274.509326
-200.0,1,1274.540843
-200.0,1,1274.573021
-200.0,1,1274.604466
1155.2,267,1278.287372
-200.0,1,1278.320259
-200.0,1,1278.352838
-200.0,1,1278.38727
-67.5,57,1279.179132
-200.0,1,1279.209955
-200.0,1,1279.240664
-200.0,1,1279.27279
-200.0,1,1279.304701
-3.0,61,1280.162374
-200.0,1,1280.195126
-200.0,1,1280.230718
-200.0,1,1280.26154
3376.85,502,1287.152943
-200.0,1,1287.184783
-200.0,1,1287.218645
-200.0,1,1287.250416
1049.6,133,1289.119544
-200.0,1,1289.151598
-200.0,1,1289.186403
-200.0,1,1289.218252
349.8,147,1291.269523
-200.0,1,1291.29995
-200.0,1,1291.330428
-200.0,1,1291.359721
1009.55,160,1293.576398
-200.0,1,1293.609327
-200.0,1,1293.641456
-200.0,1,1293.672593
555.05,146,1295.673244
-200.0,1,1295.705882
-200.0,1,1295.735787
-200.0,1,1295.768351
230.45,98,1297.135242
-200.0,1,1297.170324
-200.0,1,1297.201354
-200.0,1,1297.234555
-200.0,1,1297.265988
-201.55,2,1297.307469
-200.0,1,1297.339021
-200.0,1,1297.37139
-200.0,1,1297.402021
807.2,195,1300.122703
-200.0,1,1300.155389
-200.0,1,1300.188088
-200.0,1,1300.217331
-80.95,40,1300.78594
-200.0,1,1300.817223
-200.0,1,1300.850005
-200.0,1,1300.87935
-192.1,3,1300.933398
-200.0,1,1300.963226
-200.0,1,1300.9932
-200.0,1,1301.023348
4772.55,714,1311.287842
-200.0,1,1311.322811
-200.0,1,1311.35514
-200.0,1,1311.38684
2271.35,310,1315.660225
-200.0,1,1315.69246
-200.0,1,1315.722309
-200.0,1,1315.754655
-200.0,1,1315.786398
423.75,136,1317.658624
-200.0,1,1317.692145
-200.0,1,1317.723575
-200.0,1,1317.754197
142.05,58,1318.56881
-200.0,1,1318.603184
-200.0,1,1318.635067
-200.0,1,1318.669327
1170.7,203,1321.477575
-200.0,1,1321.510122
-200.0,1,1321.541859
-200.0,1,1321.57328
191.5,95,1322.892973
-200.0,1,1322.924595
-200.0,1,1322.956789
-200.0,1,1322.987421
40.5,31,1323.425386
-200.0,1,1323.458199
-200.0,1,1323.488432
-200.0,1,1323.52045
-200.0,1,1323.553103
113.7,145,1325.567348
-200.0,1,1325.599868
-200.0,1,1325.637616
-200.0,1,1325.668286
-200.0,1,1325.706727
-200.0,1,1325.737185
74.6,121,1327.40804
-200.0,1,1327.44055
-200.0,1,1327.473677
-200.0,1,1327.505599
-186.3,7,1327.615792
-200.0,1,1327.647475
-200.0,1,1327.678251
-200.0,1,1327.706148
313.6,97,1329.048904
-200.0,1,1329.08623
-200.0,1,1329.119483
-200.0,1,1329.153894
-200.0,1,1329.184946
333.85,82,1330.31558
-200.0,1,1330.350606
-200.0,1,1330.382123
-200.0,1,1330.415204
489.7,129,1332.622774
-200.0,1,1332.656178
-200.0,1,1332.689138
-200.0,1,1332.718846
21.8,89,1333.95826
-200.0,1,1333.990147
-200.0,1,1334.02163
-200.0,1,1334.053629
19.75,94,1335.373881
-200.0,1,1335.407559
-200.0,1,1335.441118
-200.0,1,1335.473246
507.5,173,1337.850269
-200.0,1,1337.883969
-200.0,1,1337.917833
-200.0,1,1337.949228
770.85,206,1340.810971
-200.0,1,1340.852326
-200.0,1,1340.888262
-200.0,1,1340.918185
-200.0,1,1340.947843
365.6,155,1343.090555
-200.0,1,1343.123191
-200.0,1,1343.155251
-200.0,1,1343.187342
-200.0,1,1343.218656
-204.2,5,1343.302577
-200.0,1,1343.335432
-200.0,1,1343.367617
-200.0,1,1343.398536
752.3,117,1345.009811
-200.0,1,1345.042001
-200.0,1,1345.075518
-200.0,1,1345.106872
653.5,123,1346.807539
-200.0,1,1346.840464
-200.0,1,1346.873264
-200.0,1,1346.904032
915.55,180,1349.385616
-200.0,1,1349.420351
-200.0,1,1349.452843
-200.0,1,1349.486875
-200.0,1,1349.518212
460.0,121,1351.180872
-200.0,1,1351.213125
-200.0,1,1351.244608
-200.0,1,1351.275542
-87.8,55,1352.048261
-200.0,1,1352.081584
-200.0,1,1352.115502
-200.0,1,1352.146903
543.45,108,1353.644818
-200.0,1,1353.677657
-200.0,1,1353.710145
-200.0,1,1353.741661
750.85,176,1356.167978
-200.0,1,1356.212222
-200.0,1,1356.243123
-200.0,1,1356.272506
-200.0,1,1356.302343
243.05,142,1358.268958
-200.0,1,1358.301336
-200.0,1,1358.334728
-200.0,1,1358.366228
578.75,186,1361.380942
-200.0,1,1361.414313
-200.0,1,1361.44607
-200.0,1,1361.477465
1263.85,268,1365.208504
-200.0,1,1365.249701
-200.0,1,1365.281278
-200.0,1,1365.311898
-200.0,1,1365.341273
409.1,139,1367.23952
-200.0,1,1367.274483
-200.0,1,1367.304397
-200.0,1,1367.336342
132.95,58,1368.148138
-200.0,1,1368.181982
-200.0,1,1368.214119
-200.0,1,1368.245711
1435.75,272,1371.993938
-200.0,1,1372.025164
-200.0,1,1372.057236
-200.0,1,1372.090916
251.3,91,1373.358524
-200.0,1,1373.391181
-200.0,1,1373.423408
-200.0,1,1373.460946
-200.0,1,1373.490681
-200.0,1,1373.518442
-121.95,46,1374.158993
-200.0,1,1374.191075
-200.0,1,1374.222696
-200.0,1,1374.254368
3592.75,552,1381.874233
-200.0,1,1381.907316
-200.0,1,1381.939495
-200.0,1,1381.971253
2309.15,630,1391.115559
-200.0,1,1391.14746
-200.0,1,1391.179742
-200.0,1,1391.20943
3781.05,630,1399.764987
-200.0,1,1399.794174
-200.0,1,1399.822923
-200.0,1,1399.852848
-200.0,1,1399.880568
-200.0,1,1399.908624
-200.0,1,1399.936365
-200.0,1,1399.9659
-200.0,1,1399.994067
-200.0,1,1400.021998
516.8,109,1401.389409
-200.0,1,1401.417734
-200.0,1,1401.446487
-200.0,1,1401.475971
-209.4,9,1401.595711
-200.0,1,1401.624371
-200.0,1,1401.653429
-200.0,1,1401.688093
-200.0,1,1401.716575
809.75,182,1404.043916
-200.0,1,1404.072306
-200.0,1,1404.101423
-200.0,1,1404.133218
354.45,84,1405.197918
-200.0,1,1405.229183
-200.0,1,1405.256709
-200.0,1,1405.287026
-201.55,2,1405.328584
862.35,158,1407.337178
-200.0,1,1407.367138
-200.0,1,1407.397918
-200.0,1,1407.426495
